name;company;country
Luke Grindlay;Tagopia;Russia
Sunny Guyonneau;Zoomlounge;Russia
Madelyn Scupham;Twinte;Russia
Brynna Harder;Twinte;Russia
Zena Scotter;Kimia;Russia
Westley Chmiel;Zoonder;Russia
Dominica Weeds;Rhynyx;Russia
Rodd Shropshire;Zoonoodle;Russia
Abigale Vice;Jabbercube;Russia
Gabrielle Caswill;BlogXS;Russia
Brandy Eadmeades;Skaboo;Russia
Katie Venediktov;Vimbo;Russia
Mikel Sidle;Devcast;Russia
Letizia Bicksteth;Oba;Russia
Ferris Overlow;Voomm;Russia
Ricoriki Duke;Gabtune;Russia
Selig Hendrikse;Trilith;Russia
Robbyn Rockcliff;Eamia;Russia
Allix Portwaine;Browsezoom;Russia
Dasi Broke;Digitube;Russia
Vanda Chill;Muxo;Russia
Dolli Bramble;Fadeo;Russia
Terry Benedite;Mybuzz;Russia
Angel Gartan;Oba;Russia
Enrichetta Smogur;Agivu;Russia
Yanaton Stutter;Voonix;Russia
Catlee Filler;Jazzy;Russia
Dallas Deer;Mynte;Russia
Ernestus Bisiker;Voomm;Russia
Antonella Pavia;Feedbug;Russia
Broderick McBratney;Kaymbo;Russia
Clarence Bains;Shufflester;Russia
Daveta Linzee;Edgeclub;Russia
Billie Haselhurst;Roomm;Russia
Frankie Barbery;Topiczoom;Russia
Beverlie Merry;Skinte;Russia
Kareem Edds;Babbleopia;Russia
Cyril Brimilcombe;Dabfeed;Russia
Oby Orknay;Topiclounge;Russia
Bianca Ricket;Jetwire;Russia
Neils Dunklee;DabZ;Russia
Tracie Dix;Tanoodle;Russia
Ashien Mapston;Dabvine;Russia
Danyelle Merton;Photospace;Russia
Page Danovich;Vidoo;Russia
Cord Bonelle;Mymm;Russia
Francisca Spilling;Jabberstorm;Russia
Silvana Tranmer;Wordware;Russia
Max Digweed;Oba;Russia
Drusy Duplain;Voomm;Russia
Opalina Kimpton;Oloo;Russia
Andria Onions;Cogibox;Russia
Randolf Licari;Zoombox;Russia
Asher Abrahmer;Wordware;Russia
Chickie Edgworth;Viva;Russia
Hakeem Cosford;Ooba;Russia
Christy Probin;Shufflebeat;Russia
Gustavo Hacard;Tekfly;Russia
Pennie Kydde;Edgetag;Russia
Seymour Tonry;Dabtype;Russia
Jarred Wardel;Photobean;Russia
Henrik Butler;BlogXS;Russia
